{
  "IProducts": [
    {
      "prodName": "sdfsd",
      "prodDescription": "fgdfd",
      "prodManufact": "dfgdgd",
      "prodPrice": 345,
      "prodQuantity": 454,
      "viewCount": "",
      "id": 1
    },
    {
      "prodName": "456456",
      "prodDescription": "45645",
      "prodManufact": "6456456",
      "prodPrice": 6456456,
      "prodQuantity": 456456,
      "viewCount": "",
      "id": 2
    },
    {
      "prodName": "456456",
      "prodDescription": "456456",
      "prodManufact": "4564564",
      "prodPrice": 456456,
      "prodQuantity": 456456,
      "viewCount": "",
      "id": 3
    }
  ]
}