{
  "IUser": [
    {
      "id": "mail2augustinraj@gmail.com",
      "username": "mail2augustinraj@gmail.com",
      "password": "Oneplus2123",
      "firstName": "Augustin",
      "lastName": "Raj",
      "location": "Chennai",
      "mobileNo": 953485345
    },
    {
      "id": "demo@gmail.com",
      "username": "demo@gmail.com",
      "password": "demo",
      "firstName": "demo",
      "lastName": "demo",
      "location": "demo",
      "mobileNo": 234234
    },
    {
      "id": "asdfasdfasdf@gmail.com",
      "username": "asdfasdfasdf@gmail.com",
      "password": "sdfasdf",
      "firstName": "asdfasdf sdafas asfasdf asdfasdf",
      "lastName": " asdfdsf asdfsdf sdf",
      "location": "asdfasdf",
      "mobileNo": 23434234
    },
    {
      "id": "asdfas@gmail.com",
      "username": "asdfas@gmail.com",
      "password": "asfd",
      "firstName": "fuhjgh",
      "lastName": "jkgjh",
      "location": "sdfasd",
      "mobileNo": 89678
    },
    {
      "id": "arunit155@gmail.com",
      "username": "arunit155@gmail.com",
      "password": "themeg@1",
      "firstName": "Arun Kumar",
      "lastName": "D",
      "location": "Chennai",
      "mobileNo": 12345678
    }
  ]
}