{
  "IProducts": [
    {
      "prodName": "Honor 20",
      "prodDescription": "The Honor 20 Lite falls in the mid-range budget that seems less with the provided spec sheet. The device features an immersive display with full HD support and bezel-less design. The camera is impressive and the performance would be greatly admired by the users. It has a decent battery backup. The only minor drawback is the hybrid slot, which will create a problem if the internal memory will fill up.",
      "prodManufact": "Honor",
      "prodPrice": 11000,
      "prodQuantity": 230,
      "viewCount": 6,
      "id": 1
    },
    {
      "prodName": "Realme X2",
      "prodDescription": "Realme X2 is a beautiful handset that comes with exotic colours on the back panel to add a vibrant look to it. It has a strong processor that can deal with heavy games and multitasking. The battery is also up to the mark with fast charging support. The camera are superb and is one of the main highlights. Considering the budget, there is no drawback.",
      "prodManufact": "Realme",
      "prodPrice": 16999,
      "prodQuantity": 100,
      "viewCount": 6,
      "id": 2
    },
    {
      "prodName": "Xiaomi Redmi Note 8",
      "prodDescription": "Xiaomi Redmi Note 8 is a mid-range that can impress the buyers with its stylish design. The device offers no bezels except for a thin chin. It offers an amazing viewing experience that knows no boundary. It also delivers stellar performance with the strong internal hardware along with long-hour battery backup coupled with Fast Charging technology.",
      "prodManufact": "Redmi",
      "prodPrice": 10999,
      "prodQuantity": 145,
      "viewCount": 3,
      "id": 3
    },
    {
      "prodName": "Vivo U20",
      "prodDescription": "Vivo U20 is a mid-range smartphone that comes with amazing looks. It has a bezel-less display that offers an excellent viewing experience. The performance is also good with sufficient battery backup. It has an ample amount of internal storage to keep all the files and data. Just like any other Vivo smartphone, the cameras are also good compared to the budget. Overall, there is no major drawback.",
      "prodManufact": "Vivo",
      "prodPrice": 10990,
      "prodQuantity": 400,
      "viewCount": 2,
      "id": 4
    },
    {
      "prodName": "Apple iPhone 7",
      "prodDescription": "The Apple iPhone 7 is definitely a beauty worth beholding. But this time the beauty comes with a larger brain. Powered by the most powerful processor so far and the latest iOS, the smartphone indeed solves your tasks in a jiffy. The amazing camera, larger battery backup, wide arrayed connectivity options and a bag full of patented features, makes this flagship a good buy. ",
      "prodManufact": "Apple",
      "prodPrice": 27999,
      "prodQuantity": 300,
      "viewCount": 7,
      "id": 5
    },
    {
      "prodName": "OnePlus 7",
      "prodDescription": "The OnePlus is known for its value for money devices with a stellar performance. This one seems to be no exception with its amazing screen, beefed up specs and superb cameras. Gaming and multitasking is a breeze on this phone, so is media consumption with that beautiful screen. Cameras take great photos and battery easily lasts long with warp refilling it quickly. It does not have any expandable storage option but the inbuilt space is huge.",
      "prodManufact": "Oneplus",
      "prodPrice": 29999,
      "prodQuantity": 500,
      "viewCount": 6,
      "id": 6
    },
    {
      "prodName": "OnePlus 6T",
      "prodDescription": "The OnePlus 6T 8GB RAM is a perfect combination of elegance, configuration and performance. Some out of the box feature like splash proof, dash charging technology and display protective layer make the device premium. It is also supported by a long-lasting battery backup, great pair of cameras and strong configuration. The flagship device shows no sign of a drawback except that it is non-expandable. However, the huge internal storage compensates for that too.",
      "prodManufact": "Oneplus",
      "prodPrice": 27999,
      "prodQuantity": 130,
      "viewCount": 1,
      "id": 7
    },
    {
      "prodName": "Asus 6Z",
      "prodDescription": "The Asus Zenfone 6Z is a perfect combination of elegance, configuration and performance. Extraordinary look, great cameras, humongous storage capacity, good battery backup, excellent internal configuration make it a perfect buy worthy smartphone. However, it lacks a wireless charging feature.",
      "prodManufact": "Asus",
      "prodPrice": 27999,
      "prodQuantity": 300,
      "viewCount": "",
      "id": 8
    },
    {
      "prodName": "Apple iPhone 11",
      "prodDescription": "The Apple iPhone XI is a great smartphone, which was loaded with a lot of quality features. It comes with a waterproof and dustproof body which is the key attraction of the device. The excellent set of cameras offer excellent images as well as capable of recording crisp videos. However, expandable storage and a fingerprint scanner would have made it a perfect option to go for around this price range.",
      "prodManufact": "Apple",
      "prodPrice": 64894,
      "prodQuantity": 300,
      "viewCount": 1,
      "id": 9
    },
    {
      "prodName": "OnePlus 7 Pro",
      "prodDescription": "The OnePlus 7 Pro is an impressive device that falls in the flagship category of smartphones. It has an immersive display, which supports an awesome viewing experience. The large and sharp screen also comes with glass protection. Coming to the performance, the device features a robust configuration that makes it perfect for high-end games and top notch performance. The battery backup is also sufficient for a day's activity, featuring warp charging technology. With all the features, it is really a worthy smartphone to go for.",
      "prodManufact": "Oneplus",
      "prodPrice": 39999,
      "prodQuantity": 450,
      "viewCount": 1,
      "id": 10
    },
    {
      "prodName": "Huawei P30 Pro",
      "prodDescription": "The Huawei P30 Pro is a flagship smartphone that comes with robust configuration and ample battery backup. The major highlight here is the camera department which features triple set at the rear end and a high-resolution lens at the front. Both the cameras would produce an amazing photography experience. The storage is also huge to fulfill the user's storage needs. Overall, it presents a strong spec-sheet that would be appreciated by the Huawei fans.",
      "prodManufact": "Huawei",
      "prodPrice": 63990,
      "prodQuantity": 230,
      "viewCount": 3,
      "id": 11
    },
    {
      "prodName": "Vivo V17 Pro",
      "prodDescription": "The Vivo V17 Pro is a perfect smartphone, which is packed with all the premium features that one desires to have. The device has a great configuration that provides a great performance and makes it a gaming beast. Moreover, the magnificent cameras, huge storage, quick charging and a splendid display make the device one of the best options.",
      "prodManufact": "Vivo",
      "prodPrice": 25950,
      "prodQuantity": 235,
      "viewCount": 2,
      "id": 12
    }
  ]
}